0.0918206055269053,
 0.06757750288610964,
 0.031018706072487134,
 0.06701402427563607,
 0.1523664371689506,
 0.13439570246544008,
 0.2638177276965621,
 0.26394282607793684,
 0.3003094598382461,
 0.3380054426030057,
 0.3362878820742168,
 0.381857676979962,
 0.3221341773095361,
 0.36207300661862973,
 0.26874909838470273,
 0.19514529958379967,
 0.29278837645540534,
 0.21200756902318574,
 0.23661054946050797,
 0.1661120480638374,
 0.06345254422369351,
 0.026620907797237692,
 0.07275373913989824,
 0.10196796330369295,
 0.015989525548746997,
 -0.014100742977035452,
 -0.04931745723895631,
 -0.16873399906964437,
 -0.18467216583823642,
 -0.169487780965909,
 -0.07487488784107654,
 -0.027796734986480942,
 -0.05586283163388828,
 -0.06811599907273092,
 -0.11292233051470646,
 -0.14560310283251,
 -0.008469656640869516,
 0.060092899034700054,
 -0.08396330660109186,
 -0.17622400719021414,
 -0.10888564159624536,
 0.042755551488596666,
 -0.07910126056503941,
 -0.03205974607962503,
 -0.006256721415638822,
 -0.045141044437926325,
 -0.019842955291679232,
 0.020467512544968258,
 -0.03692174482175403,
 -0.11262036734389369,
 -0.07907092916413205,
 -0.03549940567135934,
 0.05308310203569988,
 0.03781178984849021,
 -0.01177164899905847,
 -0.08725044347107769,
 0.018921063942755723,
 0.049441175120492176,
 0.06162026494260431,
 0.11194005690471442,
 0.022009099917525532,
 0.09499818228411527,
 0.056956087782239706,
 0.0356221432977577,
 0.0019436163204176182,
 -0.06164391815293868,
 -0.004120027803807602,
 -0.006838828980477274,
 0.09293505847885797,
 0.15263649925924483,
 0.13270500331663015,
 0.14812010583780477,
 0.008253024008325838,
 0.10536541080399786,
 -0.08299509824593088,
 -0.012669421548849868,
 0.06311771426042867,
 0.03659613276165885,
 0.03212143101157494,
 0.08667097629542297,
 0.1262002828861455,
 0.2178122078495761,
 0.20821931089251677,
 0.3291392662284238,
 0.38792803405848986,
 0.4594492284380891,
 0.49313839975090445,
 0.4632272581006447,
 0.448208435246201,
 0.5739276052096756,
 0.6075391011481344,
 0.5912395094081404,
 0.5038437580940069,
 0.4089749568456966,
 0.5031614273146232,
 0.5709577542021549,
 0.6202350060004562,
 0.5257397805212634,
 0.4777712383547055,
 0.534348603151301,
 0.5233983755067584,
 0.5051601757285624,
 0.6823199668667854,
 0.584165711927696,
 0.6297472870062251,
 0.655497889074141,
 0.5893520538177057,
 0.4980150225556059,
 0.5761444055262359,
 0.5428160606977315,
 0.5484879057012648,
 0.428648293272218,
 0.4415277812260854,
 0.4670110455006835,
 0.4447432571340073,
 0.3616370538193081,
 0.48960263670578286,
 0.4355791918625016,
 0.3251089419733688,
 0.2939694112335758,
 0.31447515982168284,
 0.3087343056778309,
 0.36815449490204344,
 0.29799083671203164,
 0.21180540140858284,
 0.3020748167052858,
 0.1710870513319378,
 0.22496042589831688,
 0.24412330852635478,
 0.2666354814396925,
 0.2741139641273804,
 0.13302822107274892,
 0.22019386102535066,
 0.12139395966015343,
 0.045971352814987654,
 0.1025576874189511,
 0.0907281593985374,
 0.172511698817857,
 0.23878896669629057,
 0.2393979580517822,
 0.20023465704693422,
 0.20171710269812593,
 0.21187661346117181,
 0.31999355524372675,
 0.29205361360921245,
 0.20298501640850475,
 0.02520352524210523,
 0.028320193249271597,
 0.13451312794347814,
 0.09758405747206211,
 0.09251516078786892,
 0.0915751964290763,
 0.1634472981682933,
 0.21311222120114337,
 0.25731819858918925,
 0.310136916947954,
 0.31518643629277676,
 0.3792672231049039,
 0.40984982280298254,
 0.39509864796661986,
 0.3915842595163923,
 0.4360407118886087,
 0.6452962160674645,
 0.6534087171387597,
 0.5897127210127167,
 0.5999314856545368,
 0.5647522424601448,
 0.4562599827425231,
 0.41880271497649346,
 0.4902552134933842,
 0.42424835897303126,
 0.4965062482500713,
 0.4735848386936681,
 0.4512642268923628,
 0.30007316723511224,
 0.24927053497802376,
 0.25445782175499687,
 0.2733264475333641,
 0.19350647523467046,
 0.22408295200389716,
 0.27294422745207214,
 0.22971004105737336,
 0.3998372369677412,
 0.3313433494014504,
 0.24191474282541492,
 0.18184008126918627,
 0.1526855582793729,
 0.15229691744556817,
 0.11904868663030754,
 0.16940285219223483,
 0.172419916503884,
 0.09981036020515432,
 0.1451137565664169,
 0.10199112522214193,
 0.16103690810847127,
 0.09937102975109724,
 0.059002791767895246,
 -0.034544115776654394,
 -0.06981330650491202,
 0.048205476476312015,
 0.07730754516768457,
 0.10637275597927953,
 0.11191312074821269,
 0.21569924971426246,
 0.2777072116382726,
 0.35451118065162746,
 0.42484194833043887,
 0.4504001971044005,
 0.5588357274732232,
 0.6095424791778328,
 0.48850390367485375,
 0.4429923478850668,
 0.44736169232785983,
 0.36964727447323753,
 0.4925562185158867,
 0.4004473830991202,
 0.4259935039704459,
 0.39374329859316504,
 0.3691986290304925,
 0.42003617583124253,
 0.33122407626960637,
 0.29789594250595997,
 0.29284610623855656,
 0.40756752124727313,
 0.3673603698862422,
 0.27674338564199275,
 0.25715388329365396,
 0.2939500726146065,
 0.2458976896645595,
 0.17061694910381675,
 0.1686553347520885,
 0.13961898899819403,
 0.12210563633431093,
 0.06492491206753925,
 0.004387350405963275,
 0.06395223202929401,
 0.03916687720423795,
 0.0844050368173157,
 0.10036865491528602,
 0.21531356115050926,
 0.12095113670072521,
 0.12799858862932467,
 0.15441060755028957,
 0.12032494423273477,
 0.11033551773320482,
 0.10682492264074028,
 0.10323939805965665,
 -0.006162125271657715,
 0.03925176255827978,
 0.0040437378721520645,
 -0.03626595052639914,
 -0.18691916038488898,
 -0.19931688788098256,
 -0.12586203101504623,
 -0.1888372888072496,
 -0.16556494373148212,
 -0.3026570439890719,
 -0.3344228652131136,
 -0.2825254703101763,
 -0.28547421685429697,
 -0.18974450236696327,
 -0.14264082495137131,
 -0.0726715344657407,
 -0.03449629317832148,
 -0.023221947548961452,
 0.006718816219233759,
 -0.136450795660096,
 -0.11026190541775804,
 -0.04848739024573945,
 -0.11351684812895257,
 -0.13665807874865266,
 -0.26143248344506276,
 -0.33666213546167967,
 -0.40085350722186774,
 -0.4567116626873684,
 -0.4800739421255571,
 -0.4159710481510359,
 -0.4065322599746821,
 -0.5054860152675502,
 -0.48124236447777946,
 -0.5424932438315011,
 -0.5802737385312184,
 -0.5642803723721954,
 -0.5150777313856878,
 -0.5213280437493353,
 -0.5692339006606915,
 -0.5317025108876265,
 -0.5447207597539432,
 -0.5465631043778956,
 -0.5286676970418682,
 -0.6295523828375735,
 -0.6548221631425832,
 -0.6826516641638705,
 -0.7336684187291809,
 -0.6547213926551194,
 -0.6758098746541208,
 -0.7870283858276963,
 -0.7799327469707293,
 -0.6578188739844961,
 -0.6829747403411801,
 -0.6225112035695304,
 -0.5237523104932222,
 -0.5881429692778539,
 -0.589310047762936,
 -0.5952011352919016,
 -0.608496041726454,
 -0.5540211704272195,
 -0.5545390902006346,
 -0.5606151536806863,
 -0.6312333852382892,
 -0.6379124778141971,
 -0.6836429395177959,
 -0.6396334628808233,
 -0.5798776369548193,
 -0.6110850510472261,
 -0.61475112686729,
 -0.6461534281032755,
 -0.6055603301326471,
 -0.5604699050281994,
 -0.6131332091240154,
 -0.6187592070506867,
 -0.6803993363790255,
 -0.6699386379732175,
 -0.6785506785420949,
 -0.624163211837498,
 -0.6084680127690376,
 -0.5732828334513584,
 -0.5795959563055817,
 -0.69592687388608,
 -0.7113632003894423,
 -0.712005006594552,
 -0.7276985098448989,
 -0.666501820278441,
 -0.6873723878995435,
 -0.494404814141717,
 -0.4964957376910917,
 -0.3960631367395848,
 -0.3583003095296391,
 -0.35085391257749166,
 -0.28840075134108645,
 -0.36123438242013606,
 -0.31859075623877686,
 -0.27867182966136284,
 -0.3949130266182266,
 -0.37583361573166485,
 -0.3516721872432953,
 -0.46278394759434605,
 -0.4608387843828581,
 -0.48401261125815154,
 -0.5489141613954587,
 -0.5021473373615777,
 -0.437887599072198,
 -0.43797163421886864,
 -0.29332509647744587,
 -0.28047150783449126,
 -0.29000914262826427,
 -0.3708700096708668,
 -0.3239943949389641,
 -0.10886600112154099,
 -0.17584278477660575,
 -0.19943251608479784,
 -0.33228233690225295,
 -0.24129401706342435,
 -0.20711188607189968,
 -0.17008328904697123,
 -0.17226638724500276,
 -0.20014642113218883,
 -0.13077266523410458,
 -0.12229104267271396,
 -0.011630159840336773,
 0.05726885363128531,
 0.08595968857525804,
 0.1744801669075855,
 0.07725817005939462,
 0.15754290128306536,
 0.10473103127033312,
 0.24523930571456276,
 0.2027560868705791,
 0.16664253820452757,
 0.20799394312027175,
 0.14026273489571395,
 0.20193608956701325,
 0.2818247745470046,
 0.33130641551662166,
 0.23834696844748748,
 0.20471872329909502,
 0.10884260561689985,
 0.08411299254385085,
 0.11200615654404089,
 0.12508894743666588,
 0.15290875446764574,
 0.1821597328672766,
 0.1264163452267013,
 0.14528352901662345,
 0.23483465399813497,
 0.20779785615037838,
 0.21875319798787984,
 0.23463078123057812,
 0.2544114164933404,
 0.309000447608895,
 0.3132058125423782,
 0.33986075634778956,
 0.4553214602454574,
 0.5585310310054297,
 0.382027754253528,
 0.4408427526418137,
 0.5768658601768095,
 0.746886106027091,
 0.8126564460779662,
 0.7273834141780355,
 0.869295750136061,
 0.7577270106008456,
 0.6296962655266043,
 0.4814677919433308,
 0.47377856134994545,
 0.5271873550225052,
 0.5913010622406034,
 0.6930316227476112,
 0.7607968658141289,
 0.6998091629852183,
 0.8195613941442161,
 0.7998443904858448,
 0.8791863277793226,
 0.85844535472161,
 0.7964349597005622,
 0.7551905448768963,
 0.8596578790282479,
 0.802477056039578,
 0.7312630147996941,
 0.8372501240061325,
 0.7594288185256204,
 0.7773953149384312,
 0.7065379263218148,
 0.7415338430273835,
 0.7420855593014579,
 0.836660874856122,
 0.8553379072962741,
 0.9008294018875063,
 0.8718019215116897,
 0.9063230958183368,
 0.7896854849619501,
 0.8058588901409109,
 0.7330635996573278,
 0.6416075356741686,
 0.6310123809682864,
 0.5787847676595703,
 0.6877366659313253,
 0.7113464233949145,
 0.7336229186348788,
 0.5774295361043471,
 0.5865289734960868,
 0.5252393109002469,
 0.34123926812273453,
 0.36399361311869427,
 0.5019691786737752,
 0.5284632863516237,
 0.5838646582214722,
 0.49718031942121854,
 0.49249086289407273,
 0.48214868240680175,
 0.5253863262332459,
 0.6266421189333755,
 0.6246350165940555,
 0.6640861409747743,
 0.698139315512833,
 0.6484635268474364,
 0.6390499314791498,
 0.6920904165156117,
 0.6391945314695562,
 0.6891804100921632,
 0.6991339434067498,
 0.706707509014322,
 0.8022492168964703,
 0.7378258680402894,
 0.8104584021399717,
 0.8990580444869494,
 0.9179635725371895,
 0.8980065349344812,
 0.8764014439308028,
 0.9145986101999029,
 0.994538324729831,
 1.062829975014381,
 1.0993801912350136,
 1.1661331684911858,
 1.2208820219364895,
 1.305618187251298,
 1.197001286723264,
 1.2403058126020312,
 1.2322693461197076,
 1.1807629819051755,
 1.133547653490524,
 1.0903112094804186,
 1.0268051610282356,
 1.0354387354158092,
 1.0196549975686366,
 1.115366228945419,
 1.1727809150148687,
 1.3296363834575402,
 1.2857885626863208,
 1.1630177006995552,
 1.163767679891734,
 1.1595478294279786,
 1.2227282579010676,
 1.3131408220657903,
 1.3478354653244224,
 1.4361577547498285,
 1.5341678463585993,
 1.4870508442048305,
 1.3886830948888473,
 1.4043270668439476,
 1.334092379679575,
 1.3135054001064361,
 1.3345459668614126,
 1.3768280857106845,
 1.3972912121708845,
 1.3856400855596576,
 1.4070076373082685,
 1.4058232460117353,
 1.367611800609751,
 1.2695874822409081,
 1.1734416272889376,
 1.2122029531167584,
 1.2202641285188776,
 1.2623196003142851,
 1.3920277560260672,
 1.4789171761368607,
 1.6421413500086857,
 1.6129067241289192,
 1.559989783450746,
 1.5584317321932275,
 1.4476297935131868,
 1.4574548128505143,
 1.5101971414464401,
 1.591122842726989,
 1.6143246082369558,
 1.6758766133804102,
 1.59795484521932,
 1.5274559416452007,
 1.4276487914297462,
 1.4752744858364224,
 1.4279870674524915,
 1.5301896978823493,
 1.5399819248872717,
 1.6186914308601814,
 1.5881028182884336,
 1.5273240148585927,
 1.4463930644228356,
 1.4340965448338636,
 1.4648048694008935,
 1.3812272845632236,
 1.232732189533266,
 1.3564247990448024,
 1.3320806786417592,
 1.2640683783204452,
 1.3150659040491774,
 1.3033495690658725,
 1.244294046264983,
 1.1435539964784311,
 1.1953962806099696,
 1.231142781470325,
 1.345018878828384,
 1.444115083175447,
 1.399776107626522,
 1.4592840868296264,
 1.5340244575262147,
 1.4566796731688498,
 1.462116354067149,
 1.3795583203602888,
 1.4042164944373212,
 1.4906388579039458,
 1.4524008782655073,
 1.5991693232567883,
 1.7582983775736807,
 1.6998496907963272,
 1.667445159730633,
 1.8196230711995298,
 1.8527047842571704,
 1.876076525366031,
 1.9640431280120083,
 2.1067944928380626,
 2.0208141962669686,
 2.126528498552787,
 2.0888890296984783,
 2.029650999888304,
 2.0006394392650577,
 1.865646968854378,
 1.8916857231961473,
 1.7744768530074282,
 1.7408742924668417,
 1.8533187888738638,
 1.894410302454034,
 1.907183001190134,
 1.8560667644744626,
 1.8628094127446104,
 1.7301602927494457,
 1.7324889195682402,
 1.7600160766019712,
 1.7461190140567169,
 1.7650201060143331,
 1.7264501736178346,
 1.6906684918660062,
 1.6290326400666117,
 1.602360529460455,
 1.6070243434076446,
 1.6141406523071566,
 1.5327946865068895,
 1.5025697343038757,
 1.5336690554887298,
 1.4657218516095725,
 1.4575197686688455,
 1.4524369789961753,
 1.428223502098902,
 1.3568298896710047,
 1.4403954000135997,
 1.32683290232265,
 1.3922106282049498,
 1.3779384734177569,
 1.464950689940821,
 1.4496748188925466,
 1.4585139305504242,
 1.3212168064237773,
 1.34969802508013,
 1.3028224445694576,
 1.3525876160037882,
 1.325376141926128,
 1.32490967374396,
 1.308121269346131,
 1.2301347512642167,
 1.1582284549437105,
 1.1891774241564121,
 1.255975179399769,
 1.4153398729207396,
 1.412846708390063,
 1.4888405820404387,
 1.5715322578506203,
 1.5547540780200677,
 1.6192149909584828,
 1.647502681235224,
 1.6257168474930097,
 1.7834519309222543,
 1.8214951203733278,
 1.7700978029316445,
 1.8111389467163548,
 1.8397939342924303,
 1.8171149835739726,
 1.81333282504076,
 1.7376003410100367,
 1.7272735051196548,
 1.695215184790328,
 1.6996716897747035,
 1.7979575518018152,
 1.7443921400296745,
 1.7348883651928162,
 1.7141504561407146,
 1.6121761664742706,
 1.5777288789673634,
 1.4487186456746315,
 1.4092974329536645,
 1.5274522742722638,
 1.5856281695536723,
 1.7511706752278684,
 1.7410460646089092,
 1.7602510233010094,
 1.7728705655193693,
 1.7695500637860277,
 1.8171564964522844,
 1.881709604938706,
 1.9376034164166782,
 1.8792812419591627,
 1.8902641026646734,
 1.8474635545846922,
 1.71828570385766,
 1.6555818678754832,
 1.6388309697909875,
 1.4956783392998574,
 1.5334039457471391,
 1.4369958004134844,
 1.382758622011636,
 1.3489832719998986,
 1.1368668099897121,
 1.2191468186833134,
 1.2139016149300232,
 1.3335739066860413,
 1.228229968803717,
 1.3698892195667867,
 1.3109326454570152,
 1.2424044720614518,
 1.3731752112792464,
 1.3942518210696022,
 1.465893516412919,
 1.457486022923149,
 1.5926415034572727,
 1.603509512260132,
 1.6655910814398425,
 1.770187411475419,
 1.7572823823909403,
 1.805212102255524,
 1.688649621160451,
 1.705698962436145,
 1.6859433416862828,
 1.7522335958716013,
 1.6358571346042226,
 1.539036126454576,
 1.6052629787064916,
 1.5162884812262831,
 1.4538191011266832,
 1.424883788359736,
 1.3139115248977618,
 1.4581519544629202,
 1.591383465069086,
 1.5652379615389265,
 1.7136847264290367,
 1.719035885337064,
 1.8003143041491683,
 1.8709444812478893,
 1.8188118098859292,
 1.8769684863721778,
 1.9501977284786705,
 1.933541241471957,
 1.8861615821789854,
 1.874890900851355,
 1.9284628485360997,
 1.7532854420183952,
 1.7428451063204022,
 1.6442966487291528,
 1.6496642198223554,
 1.5886838339909701,
 1.5364129313072397,
 1.4701531221349882,
 1.519483907005636,
 1.498076124166431,
 1.6573942929592675,
 1.7823149659747912,
 1.7023057360825646,
 1.7169608325703365,
 1.6661462962357376,
 1.4651786685488446,
 1.4069110243025449,
 1.372376653992859,
 1.3199294761971743,
 1.4401288143943702,
 1.5987065866658554,
 1.6428745866885208,
 1.7370928174711935,
 1.7039827101792753,
 1.7042839942190824,
 1.6886710510230216,
 1.7590025676670393,
 1.7476166766422097,
 1.7620856467590755,
 1.7996747115037266,
 1.8240102914333676,
 1.8057527058148963,
 1.9182323720390286,
 1.966639471904486,
 1.9734146130910233,
 1.8610654395403543,
 1.9530287587269157,
 2.007844651504712,
 1.988155494521493,
 2.019685268438508,
 1.95747963709357,
 1.8847400017757394,
 1.9506481744715103,
 1.876143720831351,
 1.8141723172050064,
 1.8630446949926807,
 1.8310871238296471,
 1.865913845739044,
 1.7680689729846364,
 1.7447534587687414,
 1.8085025363541405,
 1.9199928900775234,
 1.8614772125783787,
 1.8077833757177046,
 1.7061150119026394,
 1.6431794959371189,
 1.6061862116978034,
 1.5802994360734743,
 1.5477059688849124,
 1.5690367717614322,
 1.5449702295054095,
 1.5004626421176823,
 1.4435508505060852,
 1.4502293281042427,
 1.450800552736439,
 1.4129584018652395,
 1.3976154143605584,
 1.4398786803259895,
 1.4984248981062933,
 1.574614867543616,
 1.6026152936346563,
 1.6630804092944373,
 1.7072447723558781,
 1.7269881008004546,
 1.7922418570093157,
 1.6453927436737246,
 1.6050759763020181,
 1.612416622877717,
 1.573974992539334,
 1.5345687911268158,
 1.626876641197569,
 1.6648678475177832,
 1.7228540429641157,
 1.8539580230614234,
 1.8257909290865655,
 1.7903797345675088,
 1.797014130108181,
 1.7402541147188941,
 1.719750778970095,
 1.7448706346052916,
 1.669399085413886,
 1.6638557159204055,
 1.5806486561639161,
 1.5954837775667556,
 1.5938736091738406,
 1.4649784181599443,
 1.5272327217817292,
 1.5517773733795224,
 1.5651903931283613,
 1.4998017073599783,
 1.4617302625380688,
 1.4687253021764946,
 1.6179582141757152,
 1.8063850048814771,
 1.8280464517843882,
 1.8317656177278536,
 1.903849547209262,
 2.031769144144576,
 2.0886221650139873,
 2.1274616150263483,
 2.138598583503253,
 2.3269402179638092,
 2.4589820485798555,
 2.391220068129172,
 2.443043286116392,
 2.4754663588024926,
 2.4765886839942937,
 2.4931576684201673,
 2.559004364024645,
 2.6182147033432557,
 2.6265082271195013,
 2.5842089274257773,
 2.6157306149896726,
 2.7516225926992206,
 2.919286539061119,
 3.0865744469381298,
 3.06770658985468,
 2.9617222528661387,
 3.120256458994845,
 3.197895968423154,
 3.256374728121017,
 3.4883904320656427,
 3.581526670037391,
 3.5550777279935346,
 3.6970443018577157,
 3.7151087948407167,
 3.782930321545507,
 3.966855563935553,
 4.123027730017242,
 4.180463523248278,
 4.377344196242461,
 4.48973548612102,
 4.506025545808114,
 4.579804507957874,
 4.567878616471006,
 4.5508232460662725,
 4.545610331124863,
 4.496166720047171,
 4.516617682855582,
 4.545579726419589,
 4.662530180839127,
 4.657311308520747,
 4.690050130417774,
 4.707495598439436,
 4.7230551027555805,
 4.798817713126368,
 4.744169637232176,
 4.8194855361983855,
 4.794358244893687,
 4.701626443678151,
 4.778197366374258,
 4.837254169466007,
 4.815043270391641,
 4.9202964426290805,
 4.972710750174116,
 5.066931674056718,
 5.028845019883789,
 5.038068046381284,
 5.035046886346464,
 5.088116737857092,
 5.089182320820612,
 5.106432254396225,
 5.0464324027207965,
 5.020091997372617,
 5.03195868050426,
 5.076376988596962,
 5.064241910818453,
 5.115082998748761,
 5.154573332214682,
 5.212575467694023,
 5.26501187670263,
 5.231461119199196,
 5.151875690199432,
 5.250466280736049,
 5.272605981801121,
 5.3011370790670185,
 5.495893224162359,
 5.455477329284861,
 5.634242002535643,
 5.567189847465784,
 5.563939784896036,
 5.597065307190974,
 5.6909930760026555,
 5.733876398424229,
 5.882693390860936,
 5.908136770498061,
 5.9801347838876495,
 6.05214496256275,
 6.1771061653831225,
 6.295294549078449,
 6.330635379674561,
 6.359341772461562,
 6.290064826646187,
 6.243799106709787,
 6.220463297836773,
 6.309498411003062,
 6.213980598805222,
 6.28306227008153,
 6.382021353662481,
 6.409738586529613,
 6.462670410766691,
 6.590696971263867,
 6.5496937426449335,
 6.504509351014406,
 6.50200405039061,
 6.517561147959611,
 6.508774096194486,
 6.573775316346769,
 6.637622079615653,
 6.644754987113743,
 6.673430634500733,
 6.733563053517003,
 6.917611394084986,
 6.839621705537354,
 6.7314361167954075,
 6.725206612194427,
 6.493489495358062,
 6.637098872992226,
 6.584869795038003,
 6.507254786356157,
 6.499960784270684,
 6.558042836932657,
 6.447973914710531,
 6.500471504010761,
 6.42401603424716,
 6.5197647633201825,
 6.444991852216134,
 6.551071241194734,
 6.489705939115794,
 6.665677111397912,
 6.643829426092225,
 6.556848263366817,
 6.554890524094304,
 6.587548373544763,
 6.5397066555942445,
 6.63090820082121,
 6.691000355519492,
 6.724427223276393,
 6.589930424097503,
 6.4766968560045655,
 6.439672924507789,
 6.396049045066405,
 6.399353691157131,
 6.432104831926836,
 6.476339859201289,
 6.434889695520781,
 6.496256149033485,
 6.468832762022259,
 6.523714769128503,
 6.407295969116873,
 6.2871009232601835,
 6.267931231872126,
 6.22472307408961,
 6.180112055214082,
 6.181506844677742,
 6.166578320367435,
 6.280260799888694,
 6.189863294735673,
 6.163689260154328,
 6.145527949613495,
 6.174182686329772,
 6.110220626966253,
 5.9630535144833345,
 6.041782814200019,
 6.107063629879647,
 6.104342352860101,
 6.03563807858481,
 6.02049179270881,
 6.035505427770531,
24.76132234872904,
 24.64307585202542,
 24.821808158301735,
 24.85667980382678,
 24.85754274583121,
 24.7587567909529,
 24.595835473268636,
 24.529519178908288,
 24.49543317839027,
 24.46252087794946,
 24.441468153439388,
 24.53843078928321,
 24.496055787775248,
 24.579333109926182,
 24.493641895361094,
 24.422428747906196,
 24.375844717690626,
 24.422520100455586,
 24.39504933612946,
 24.38556537418819,
 24.402733199506343,
 24.495390608129867,
 24.55507373735111,
 24.566758083378176,
 24.66485249702555,
 24.614931474842876,
 24.76818714334871,
 24.906381703770222,
 24.79810415099115,
 24.808971196912324,
 24.7869016463151,
 24.833666753708542,
 24.86814174068192,
 24.874419679282767,
 24.847043875463328,
 24.7009314567957,
 24.644951524226116,
 24.577394081946778,
 24.61391912045741,
 24.699142509452145,
 24.733630867338775,
 24.678917651051478,
 24.674708935652774,
 24.845002091411715,
 24.88438949792328,
 24.972421775412613,
 25.00613494755146,
 25.034915131385247,
 24.980670789221676,
 24.85424512540081,
 24.721273416387533,
 24.702703574843042,
 24.78096412404514,
 24.761728843837346,
 24.768490985459692,
 24.610474177779906,
 24.551552373226343,
 24.600936978762007,
 24.596727832647787,
 24.44458663384745,
 24.4247092691335,
 24.28031072244346,
 24.34897689040568,
 24.36065755783312,
 24.37886408653128,
 24.429514186248895,
 24.40083946537831,
 24.30463020529953,
 24.23971526596995,
 24.21821065011241,
 24.191258524881988,
 24.23421967797188,
 24.237334289052114,
 24.190309733214463,
 24.495933097590353,
 24.654822979831152,
 24.68688500258739,
 24.723676538068304,
 24.896357243036704,
 24.90639784105707,
 25.052267009530965,
 25.089028292015456,
 25.211104624730524,
 25.221622122854683,
 25.396362819565866,
 25.48479942347319,
 25.546214433786076,
 25.55652764884411,
 25.541260677851085,
 25.543921280607265,
 25.701742536643735,
 25.609580954025375,
 25.580814938996326,
 25.468398352291103,
 25.4785815511878,
 25.323235229893072,
 25.312478644497673,
 25.312890467730426,
 25.46348816004968,
 25.67071031745516,
 25.502023763088232,
 25.47727212562117,
 25.363267626927296,
 25.175711712735108,
 25.17444276427713,
 25.169393647532985,
 25.231442011049324,
 25.121939797982805,
 25.075428939532173,
 24.996674936743148,
 25.04003671292608,
 25.136001375576512,
 25.125458003483573,
 25.224300742693572,
 25.3454259519535,
 25.336133563664816,
 25.417922806564064,
 25.34891391443091,
 25.22296251094224,
 25.308597149221583,
 25.272822280344684,
 25.166113236906313,
 25.139615395092335,
 25.14630212718035,
 25.08558382465742,
 24.952923121247437,
 24.936340702066985,
 24.97041400030895,
 24.955238364600177,
 24.958608193066425,
 25.0525187183041,
 25.14218163938557,
 25.232977273567087,
 25.096269182872902,
 25.058001833623223,
 25.008439705383097,
 24.85709720921838,
 24.7792040459141,
 24.701274395930966,
 24.64403753880262,
 24.66502722505473,
 24.565709398203722,
 24.61948000217734,
 24.531766312218025,
 24.54579308847036,
 24.62801060772523,
 24.666551029344816,
 24.456362045852018,
 24.46136724622596,
 24.531169180929936,
 24.66147298376802,
 24.740033538843193,
 24.572696432609433,
 24.505358250623715,
 24.489943607980706,
 24.490677157034384,
 24.55558736877265,
 24.495301571250536,
 24.41311964966286,
 24.44508632402767,
 24.422591444290674,
 24.397424351783457,
 24.45766493338067,
 24.5699505219483,
 24.534121465438687,
 24.453128290203693,
 24.456091810169397,
 24.315146548321536,
 24.412551288205947,
 24.589040810691586,
 24.64986790416131,
 24.68573182887428,
 24.6414268389955,
 24.578287037282365,
 24.464167377118343,
 24.510142048803004,
 24.576549421440234,
 24.656254317892916,
 24.507464665068625,
 24.62357508871395,
 24.670901550937742,
 24.717219380523716,
 24.640002440603382,
 24.57946037786934,
 24.44256789862598,
 24.363031528212275,
 24.39676805534762,
 24.37063672307994,
 24.495234587259034,
 24.635165614458828,
 24.62349123951242,
 24.628506488352116,
 24.753306593225545,
 24.777329621286583,
 24.79273375647054,
 24.797242072212185,
 24.738338778156276,
 24.639409018078396,
 24.769784094401416,
 24.76280337591865,
 24.671263236663407,
 24.667234753801324,
 24.667725759017003,
 24.651514743417692,
 24.675353145903273,
 24.62528998304532,
 24.718183119424907,
 24.664771688747095,
 24.71838138866252,
 24.688526041390674,
 24.643473560568026,
 24.47601704970853,
 24.447628168433027,
 24.42323762448916,
 24.588855117777484,
 24.615958685849705,
 24.529226993831827,
 24.343434410314728,
 24.451347612700346,
 24.464850290785023,
 24.414797998525785,
 24.517785696343623,
 24.46480686869424,
 24.353530135913104,
 24.31679458938663,
 24.211785046242113,
 24.18707981023948,
 24.01881178922801,
 23.923548982192358,
 23.97499212557912,
 23.98461449611841,
 23.896755433281612,
 23.90533565443107,
 23.933883344001913,
 23.881816855592177,
 23.8082071204895,
 23.737786690195662,
 23.626574440555544,
 23.531265726206186,
 23.606638851524963,
 23.722876658293416,
 23.746511323232426,
 23.8700354932881,
 23.87742244871299,
 23.87509048594353,
 23.838248717446277,
 23.88199290021464,
 23.931081572669115,
 23.922562433361435,
 23.79199856795489,
 23.90085731879003,
 23.85474963974019,
 23.945868750870176,
 24.05232167727968,
 24.01119898164555,
 24.06139956409538,
 24.106782994030823,
 24.107619494980327,
 24.105396810413197,
 24.157432917821325,
 24.12545907700931,
 24.12073316454638,
 24.054175464164757,
 24.08862262180554,
 24.055480888750026,
 24.003199852850372,
 24.104501712950594,
 24.208714909941364,
 24.355118161365994,
 24.322689879494874,
 24.235173492074892,
 24.25572237644127,
 24.241777359697267,
 24.238407328645906,
 24.23093820376738,
 24.164784725397936,
 24.05398809821736,
 24.150172583512386,
 24.043826628857744,
 24.08961315213304,
 24.06081399781121,
 24.00827647077105,
 23.938132028832882,
 23.87559672091342,
 23.871010227582985,
 23.868083923220553,
 23.923987512586137,
 23.841248652272668,
 23.78201288219293,
 23.86961752462787,
 23.95505233299764,
 23.931342034447766,
 23.986401389359656,
 24.02596243624498,
 24.05431527917287,
 23.958544056042797,
 23.984966671145997,
 24.082374882648338,
 24.022409016245092,
 23.904987485580364,
 23.888489465879417,
 23.839123460130622,
 23.761781162497073,
 23.90960790384284,
 23.921798940896622,
 23.913507464492398,
 23.882695352558642,
 23.825782471296122,
 23.7629734240237,
 23.82613468753334,
 23.7960219985043,
 23.9221222413114,
 23.926025701780844,
 23.84580173280719,
 23.83859499552034,
 23.870471115144397,
 23.86749264002279,
 23.84583706092519,
 23.884842496852684,
 23.842853825199626,
 23.90782798944244,
 23.821003663346573,
 23.776644067851947,
 23.770448289801806,
 23.793869416291614,
 23.74098522886578,
 23.758946699307074,
 23.574319665450787,
 23.597717929043085,
 23.4927644920665,
 23.587057136603846,
 23.708026075615578,
 23.689252175297213,
 23.774160128128813,
 23.79038145167212,
 23.820148619328734,
 23.679836389293513,
 23.713424532095132,
 23.600021033709652,
 23.595792360765188,
 23.492306606302662,
 23.563025077272755,
 23.49805557141852,
 23.51733967051959,
 23.47461931982184,
 23.45967613261587,
 23.601980960407758,
 23.529156985718316,
 23.543026413081463,
 23.65205965251488,
 23.7556234624021,
 23.865609532987747,
 23.973435204129828,
 23.89754078941786,
 23.854075103906382,
 23.886047311182693,
 23.91958914123137,
 23.993702721896227,
 24.108619591301704,
 24.037863096154126,
 24.286779982017492,
 24.2128041932192,
 24.2065582970813,
 24.149521116166824,
 24.176706996128075,
 24.271655575176283,
 24.320040922757755,
 24.302518230758864,
 24.274813896860877,
 24.331184000194895,
 24.22351263509651,
 24.23489169975511,
 24.261157097127466,
 24.468228853636703,
 24.3567906856872,
 24.35824684445521,
 24.41823311505675,
 24.46812724649493,
 24.650520116457358,
 24.571626723315433,
 24.59695105432104,
 24.65232104736674,
 24.639238486916327,
 24.598787191108443,
 24.633675572923323,
 24.40552519042828,
 24.429364411923615,
 24.280847805038036,
 24.467568526700575,
 24.487849412666236,
 24.42899405906627,
 24.442011775479585,
 24.446265464875808,
 24.539288530150202,
 24.43988988500479,
 24.253724994899073,
 24.197034004251975,
 24.148199912756866,
 24.032240769950278,
 23.929067489947755,
 23.889582748150872,
 23.870354799220678,
 23.729314278563976,
 23.6620571794694,
 23.727115205914146,
 23.827563853091647,
 23.828432207307003,
 23.860641640946426,
 23.835818161563708,
 23.79678609571505,
 23.80165343062859,
 23.747876727223883,
 23.764058945444162,
 23.681212596779915,
 23.64479488490258,
 23.652777297613255,
 23.77639237606286,
 23.69543307581708,
 23.751153988588413,
 23.834852620836898,
 23.90439101050717,
 23.965235097272824,
 23.981040814984,
 23.81250261017408,
 23.683444115075986,
 23.751023532691278,
 23.580805713075335,
 23.55761313046935,
 23.513127016899745,
 23.553724862335855,
 23.5701390562933,
 23.64482707086563,
 23.622420916264986,
 23.6809713725994,
 23.66029162623238,
 23.682669592633857,
 23.56995157481225,
 23.50593412901756,
 23.472792492264603,
 23.441341885306343,
 23.69464796578046,
 23.757519122064423,
 23.757522134365843,
 23.61178950191288,
 23.57273849319472,
 23.59831190677204,
 23.60420087518483,
 23.483939809375386,
 23.592364302356458,
 23.606898116877005,
 23.559762606750326,
 23.54363952868843,
 23.696534638421042,
 23.585917504006943,
 23.5232312881829,
 23.68736872562482,
 23.58535992597126,
 23.700969972448775,
 23.72909319629838,
 23.64700710552799,
 23.722276720135255,
 23.822305067653303,
 23.87081959599297,
 23.736418927730938,
 23.685112170502265,
 23.52776182993739,
 23.543432824918426,
 23.585886638067166,
 23.59608918804983,
 23.495843069863668,
 23.471809673245502,
 23.47816288632839,
 23.475980282482908,
 23.498207011217403,
 23.50259108729938,
 23.473194708808137,
 23.452812073282757,
 23.478433719703446,
 23.360226896043457,
 23.184729529293975,
 23.152118685692244,
 23.15251345623483,
 22.980713000361106,
 23.090236620210987,
 23.066144044508036,
 23.148946525704503,
 23.102376175297906,
 22.95593492970943,
 22.78908462606711,
 22.796057821796808,
 22.790456466593895,
 22.937367223339578,
 22.819707785157988,
 22.70729060480545,
 22.6982049478203,
 22.74860149175919,
 22.792231412404703,
 22.715790621946354,
 22.74824605082165,
 22.763930733600915,
 22.67841110673959,
 22.704467727875823,
 22.762182954707725,
 22.905101802198914,
 22.923434385727404,
 22.84308916038185,
 22.882066275359136,
 22.860021489611853,
 23.0015698845271,
 22.92029113113861,
 22.855697138892168,
 22.860238846954218,
 22.780308457600597,
 22.778969330141393,
 22.813010484534004,
 22.767861721045563,
 22.709225656562012,
 22.665789516713886,
 22.560944947609585,
 22.644771540730062,
 22.598577418723522,
 22.607916834380717,
 22.636981810802155,
 22.685245429451356,
 22.59515574536138,
 22.559334123376004,
 22.565564379792875,
 22.577533195670185,
 22.562907192676022,
 22.436608451844222,
 22.5164289374234,
 22.470972406639845,
 22.60264170735016,
 22.61584870808838,
 22.703664864409944,
 22.79920380766265,
 22.821981461770946,
 22.87556998022012,
 22.875905874188135,
 22.803300807231665,
 22.922005150918608,
 22.930609230494156,
 22.888192304940674,
 22.932811954504643,
 22.926570977703165,
 22.943025524554116,
 23.114713646556794,
 23.09066932887083,
 23.148318161390364,
 23.143708750686812,
 23.19118630938854,
 23.256863169056004,
 23.291089426707515,
 23.14543396816643,
 23.09793241984437,
 23.11666469861808,
 22.973268694216358,
 23.146447235525898,
 23.21732033452568,
 23.19480964108965,
 23.166043606391042,
 23.00849906438131,
 23.098593358060583,
 23.06105493715978,
 23.107937033691172,
 23.02548277420496,
 23.09086267979265,
 23.128395780262252,
 23.14034787669644,
 23.11783489805518,
 23.170083059219223,
 22.927393056140033,
 22.993333089617323,
 22.998145854534073,
 22.981473679214417,
 23.007558085790635,
 23.14171232243544,
 23.077233065227773,
 23.162928416542627,
 22.99458490051859,
 22.822199877825454,
 22.795229268184016,
 22.671447171161674,
 22.55731543861515,
 22.64904109758058,
 22.671306224638954,
 22.628440919951373,
 22.71418862695552,
 22.719268592956524,
 22.638904906692204,
 22.62753262865158,
 22.726705004659465,
 22.788946253542093,
 22.768933821714285,
 22.7706262612989,
 22.7369530725812,
 22.780321032470454,
 22.653149879028803,
 22.52010544841289,
 22.455181436664816,
 22.38746560328252,
 22.485699202545106,
 22.671449046731027,
 22.7035404956965,
 22.710691476753652,
 22.873525609919056,
 22.894229556607826,
 23.015661806598928,
 22.949380662307703,
 22.742220163532863,
 22.670973267014404,
 22.72985386772973,
 22.807455128964307,
 22.841432690409704,
 22.828386991030357,
 22.69334007214505,
 22.736233356620517,
 22.658893969413413,
 22.696020168828994,
 22.724867355676054,
 22.718040128397575,
 22.723349171522386,
 22.807210656720883,
 22.916723271297855,
 23.000047480222122,
 23.03110020928898,
 22.904842573705736,
 23.05417037722256,
 23.026896084861505,
 23.034957568236734,
 23.073115442257034,
 23.173013894948184,
 23.071467957252935,
 23.028971287942596,
 23.05477001342598,
 23.172556226890492,
 23.262985190917902,
 23.28357156561188,
 23.363633662344085,
 23.353420315887405,
 23.390550254270067,
 23.30749650715478,
 23.38276257494664,
 23.219638910750746,
 23.327575126215635,
 23.309215011987817,
 23.32478398958341,
 23.286475278351986,
 23.309414748837014,
 23.473653714884847,
 23.556744727437206,
 23.64198855069344,
 23.66146225355243,
 23.522437288772494,
 23.35640694351173,
 23.37857042107464,
 23.365488900143987,
 23.25869449939637,
 23.351926703207653,
 23.29078210635592,
 23.30583166337135,
 23.41562827262362,
 23.42591493343474,
 23.317449718105422,
 23.383862406413016,
 23.384642652330854,
 23.35364640071458,
 23.399659345987715,
 23.451646250514045,
 23.50805179086467,
 23.428268538070654,
 23.37972231825782,
 23.45616973029425,
 23.463139632817217,
 23.387107244995946,
 23.3975809489678,
 23.294975690671293,
 23.089236218784833,
 23.047065697438654,
 23.041006286344526,
 23.033028452476685,
 22.866969062342264,
 22.80657016612389,
 22.67984386407619,
 22.64949043317435,
 22.580698373661022,
 22.518578194547786,
 22.502591580953492,
 22.551082732349272,
 22.750183008897977,
 22.78573699416566,
 22.60385141968075,
 22.681065456487943,
 22.698808968269645,
 22.731974851488133,
 22.72252861978052,
 22.755756157915386,
 22.77709284032767,
 22.761645610979286,
 22.83900093181768,
 22.661514561514423,
 22.75685810870408,
 22.803118229540928,
 22.821139105600793,
 22.829430445517346,
 22.919589941742004,
 23.114254194774162,
 22.97709321061518,
 23.11048475201028,
 23.10585827842681,
 23.12173016027961,
 23.136646620328776,
 23.062275334707863,
 23.04967839431913,
 23.179748720323232,
 23.294785191441548,
 23.421358546282136,
 23.42306141864688,
 23.35848704965295,
 23.409233981170587,
 23.320104231191948,
 23.23565339732076,
 23.236866351004892,
 23.225302183823317,
 23.26105289172051,
 23.37425572757971,
 23.328963878900254,
 23.42657880419958,
 23.540363690787643,
 23.53659892338777,
 23.599414341672116,
 23.707975463165383,
 23.805026716596046,
 23.829899965342975,
 23.75321288795709,
 23.80484295235766,
 23.78018797078164,
 23.785594559029562,
 23.67485374681229,
 23.62231036960324,
 23.49950910075424,
 23.458268478972457,
 23.418199811003802,
 23.38329290373059,
 23.348092884934488,
 23.318709412084786,
 23.124240156713142,
 23.07180055662269,
 22.947468928143905,
 22.825402594708464,
 22.967239613641084,
 22.832315892937174,
 22.71023307826539,
 22.48103908878292,
 22.543352134519807,
 22.395067589062563,
 22.38051036417778,
 22.407531913955665,
 22.328749906059414,
 22.216932364499883,
 22.19497162772842,
 22.280509228262673,
 22.31199432815552,
 22.40819099113827,
 22.325359109027602,
 22.28043696513339,
 22.258267832489025,
 22.129296022934,
 22.05613382390976,
 21.885308155845905,
 21.853810229982543,
 21.894350084826783,
 21.744869194487478,
 21.687023474170275,
 21.61395170250364,
 21.569493727701712,
 21.50442189996747,
 21.530629277089417,
 21.4705121361402,
 21.41787079847066,
 21.30583727322187,
 21.15130302973114,
 21.044673468201836,
 21.01485795876451,
 21.002099772672835,
 20.901674059921504,
 20.829071508030836,
 20.909000728602507,
 21.038496491102848,
 20.999088170981395,
 20.89716023233845,
 20.76001576604176,
 20.715630790731808,
 20.61627504004568,
 20.559072722430614,
 20.578552069864685,
 20.574682360671886,
 20.555176120180192,
 20.56894233645349,
 20.495510087148887,
 20.560497302691317,
 20.38720500569599,
 20.320150477225383,
 20.320209885858674,
 20.356485154636204,
 20.351813054149915,
 20.378062136774133,
 20.229204460294028,
 20.177002483258974,
 20.028757099217017,
 20.08019353207152,
 19.978213517886502,
 20.025021977670292,
 19.97785120276049,
 20.033257209188292,
 20.068778864642468,
 20.132079542040145,
 20.026322449354097,
 19.881670836370773,
 19.93735622737134,
 19.91420658764281,
 20.033849526023204,
 19.997113992233267,
 19.948061696572438,
 19.80258672325587,
 19.754084339899066,
 19.710199559030457,
 19.619443317849175,
 19.62507238578371,
 19.6688138461202,
 19.64918532183566,
 19.58539113735219,
 19.546162102625544,
 19.522178693942323,
 19.516386464591818,
 19.430985727364373,
 19.281427364482283,
 19.27577863186599,
 19.295599659528023,
 19.330914407992623,
 19.207917353438916,
 19.019957855611665,
 19.03559388748647,
 18.94636034895302,
 19.068351120991025,
 19.025459015961843,
 19.080128649335336,
 19.071764833646228,
 19.04452542407671,
 18.933300706217892,
 18.993596505550215,
 18.99004793417285,
 18.944430146365193,
 19.03181678550152,
 19.093331885799984,
 19.12504402449278,
 19.174558352814188,
 19.169438625923192,
 19.1492288419864,
 19.196877097979353,
 19.15290037364656,
 18.9845145212837,
 18.952420891124063,
 18.940767363766952,
 18.963419482408455,
 18.997596610494767,
 18.98344357704829,
 18.851303122917827,
 18.83473252099995,
 18.955257127543717,
 18.965765546167603,
 19.002958972098938,
 18.891791809838452,
 18.889282588183647,
 18.949483345765728,
 18.926615849259036,
 18.968305481191877,
 18.891788341466523,
 18.866922329988313,
 18.903682051867037,
 18.98621914599883,
 18.92249415651243,
 18.926017283216893,
 18.925829851719087,
 18.84373363740545,
 18.814649323771604,
 18.91071552677181,
 18.767330315926614,
 18.828681988229818,
 18.735188858632597,
 18.717782513374303,
 18.596193522848893,
 18.69945686209651,
 18.622734068794003,
 18.702209069276066,
 18.747338794221278,
 18.77248086538941,
 18.877578174866997,
 18.833872212931922,
 18.93336717119071,
 18.94129304790566,
 18.898886533329872,
 18.880807426288797,
 18.875563319329032,
 18.860645909241214,
 18.75606073368529,
 18.799902759075465,
 18.661155733377925,
 18.659210048354808,
 18.608706263836496,
 18.684700364977488,
 18.579085184958075,
 18.583915133817953,
 18.514724711019426,
 18.70201933188352,
 18.67741682051262,
 18.58111030252303,
 18.691494885418123,
 18.74879331199955,
 18.6472991397482,
 18.640102099994095,
 18.549928463122953,
 18.47345315299839,
 18.528551989894055,
 18.574643710991694,
 18.475175269343126,
 18.437328398076772,
 18.428956595460804,
 18.503553635898314,
 18.510930510711532,
 18.417701796416964,
 18.554338824785532,
 18.52942133190909,
 18.570505628760586,
 18.56235505603709,
 18.597406151644222,
 18.583441858425587,
 18.59570101808103,
 18.5321706462516,
 18.527773441990973,
 18.46018734438033,
 18.466889805755713,
 18.515874786671247,
 18.505413694920932,
 18.55283715560914,
 18.601015096121344,
 18.673261663505656,
 18.688726040839512,
 18.76083383595804,
 18.797864109701052,
 18.760545347111346,
 18.814600961403542,
 18.832435158534352,
 18.84200318218204,
 18.75517274762302,
 18.80136758467195,
 18.804702705513478,
 18.783160840848538,
 18.88446376985854,
 18.98381668894376,
 18.92029233855783,
 18.81221929393938,
 18.698923008837042,
 18.66228791014626,
 18.805824674936005,
 18.770021166558507,
 18.772040009315035,
 18.9803456520864,
 18.85171300471204,
 18.9208063803233,
 19.104668742019214,
 19.22199633764255,
 19.088598163749694,
 19.086936946122577,
 19.06418334495136,
 19.039762065099154,
 19.066163403561106,
 19.23615382323584,
 19.23421347538317,
 19.085051254846604,
 19.100048963915555,
 19.099312554631553,
 19.106761431169105,
 19.051239750963276,
 19.058849729444063,
 19.067694375185923,
 19.151667363642602,
 19.057978022255867,
 19.090999966362915,
 19.03537073862141,
 18.91445714685544,
 18.982736540645575,
 19.001528340872767,
 18.928400498660082,
 18.920631889976036,
 18.913572840744337,
 19.02945539821512,
 18.98565174880872,
 19.00221823259629,
 18.932860346816298